<?xml version="1.0"?>
<!DOCTYPE hibernate-mapping PUBLIC
	"-//Hibernate/Hibernate Mapping DTD 3.0//EN"
	"http://hibernate.sourceforge.net/hibernate-mapping-3.0.dtd">
<hibernate-mapping>

	<class name="pack.Employee">

		<id name="id" type="integer" column="emp_id">

			<generator class="increment"></generator>

		</id>

		<property name="ename" type="string" column="emp_name"></property>
	</class>
	
	
	<query name="getAllEmp" fetch-size="50" 
comment="My account query" timeout="30">
<![CDATA[from Employee]]>
</query>
</hibernate-mapping>