<?xml version="1.0"?>
<!DOCTYPE hibernate-mapping PUBLIC
	"-//Hibernate/Hibernate Mapping DTD 3.0//EN"
	"http://hibernate.sourceforge.net/hibernate-mapping-3.0.dtd">
<hibernate-mapping>

	<class name="org.com.model.Employee" table="bank_employee1">
		
	<composite-id>
	 <key-property name="id"></key-property>
	<key-property name="name"></key-property>
	</composite-id>	
		
		<!-- <id name="id" type="integer" column="emp_id">
			<generator class="hilo"></generator>


			<generator class="sequence">
				<param name="sequence"> emp_seq2</param>
			</generator>
		</id>
 -->
		<property name="name" type="string" length="20" column="emp_name"
			not-null="true" />
		<property name="salary" type="float" length="20" column="emp_salary"
			not-null="true" />
		<property name="dob" column="emp_dob" type="date"></property>
		<property name="entry_time" type="time"></property>
	</class>


</hibernate-mapping>