<?xml version="1.0"?>
<!DOCTYPE hibernate-mapping PUBLIC
	"-//Hibernate/Hibernate Mapping DTD 3.0//EN"
	"http://hibernate.sourceforge.net/hibernate-mapping-3.0.dtd">
<hibernate-mapping package="org.com.model">

	<class name="Newspaper">
		<id name="id" type="integer">
			<generator class="native"></generator>
		</id>
		<property name="name" type="string" />
		<many-to-one name="news"  unique="true" column="news_id"></many-to-one>
	</class>
	<class name="News">
		<id name="id" type="integer" column="news_id">
			<generator class="native"></generator>
		</id>
		<property name="section" type="string"></property>
		<property name="page_no" type="integer"></property>
		<one-to-one name="newspaper" property-ref="newspaper"
			>
		</one-to-one>
	</class>


</hibernate-mapping>