<?xml version="1.0" encoding="UTF-8"?>
<!DOCTYPE hibernate-configuration PUBLIC
		"-//Hibernate/Hibernate Configuration DTD 3.0//EN"
		"http://hibernate.sourceforge.net/hibernate-configuration-3.0.dtd">
<hibernate-configuration>
	<session-factory>
		<property name="hibernate.connection.driver_class">com.mysql.jdbc.Driver</property>
		<property name="hibernate.connection.password">mysql</property>
		<property name="hibernate.connection.url">jdbc:mysql://localhost:3306/cts</property>
		<property name="hibernate.connection.username">root</property>
		<property name="hibernate.dialect">org.hibernate.dialect.MySQLDialect</property>
		<property name="connection.pool.size">1</property>
		<property name="show_sql">true</property>
		<property name="hbm2ddl.auto">create-drop</property>
		<!-- <mapping class="org.com.Phone" /> <mapping class="org.com.Customer" 
			/> -->

<!-- 		<mapping resource="org/com/one_to_many/event.hbm.xml" />
		<mapping resource="org/com/one_to_many_List/Book.hbm.xml" />
 -->	
 <mapping class="org.com.one_to_many_List_by_annotation.Movie"/>
 <mapping class="org.com.one_to_many_List_by_annotation.Character"/>
 
 </session-factory>
</hibernate-configuration>




