<?xml version="1.0" encoding="UTF-8"?>

<beans xmlns="http://www.springframework.org/schema/beans"
	xmlns:xsi="http://www.w3.org/2001/XMLSchema-instance" xmlns:context="http://www.springframework.org/schema/context"
	xmlns:jdbc="http://www.springframework.org/schema/jdbc" xmlns:p="http://www.springframework.org/schema/p"
	xmlns:tx="http://www.springframework.org/schema/tx"
	xsi:schemaLocation="http://www.springframework.org/schema/beans http://www.springframework.org/schema/beans/spring-beans.xsd
		http://www.springframework.org/schema/context http://www.springframework.org/schema/context/spring-context-4.0.xsd
		http://www.springframework.org/schema/jdbc http://www.springframework.org/schema/jdbc/spring-jdbc-4.0.xsd
		http://www.springframework.org/schema/tx http://www.springframework.org/schema/tx/spring-tx-4.0.xsd">

	<context:annotation-config />

	<bean id="dao" class="org.com.dao.EmployeeDao" init-method="EmployeeDao">

		<property name="ds" ref="springds"></property>
	</bean>

	<bean id="sdao" class="org.com.dao.StudentDao" 
	init-method="studentInit">

		<property name="ds" ref="springds"></property>

	</bean>

	<bean id="springds"
		class="org.springframework.jdbc.datasource.DriverManagerDataSource">
		<property name="driverClassName" value="oracle.jdbc.OracleDriver"></property>
		<property name="url" value="jdbc:oracle:thin:@10.113.17.58:1521:appsdb01" />
		<property name="username" value="java1629" />
		<property name="password" value="java1629" />
	</bean>


	<bean id="oracleds" class="oracle.jdbc.pool.OracleDataSource">
		<property name="URL" value="jdbc:oracle:thin:@10.113.17.58:1521:appsdb01" />
		<property name="user" value="java1629" />
		<property name="password" value="java1629" />

	</bean>




</beans>