<?xml version="1.0"?>
  <!DOCTYPE hibernate-mapping PUBLIC
  "-//Hibernate/Hibernate Mapping DTD 3.0//EN"
  "http://hibernate.sourceforge.net/hibernate-mapping-3.0.dtd" >

<hibernate-mapping>

	<class name="Payment" >
		<id name="paymentId" type="long">
			<generator class="increment" />
		</id>
<discriminator column="paymentType" 
		type="string" />
		<property name="amount"  />
<subclass name="CreditCardPayment"
	discriminator-value="CREDITPayment">
</subclass>
<subclass name="CashPayment"
	discriminator-value="CASHpayment"></subclass>
</class>


</hibernate-mapping>
