<?xml version="1.0" encoding="UTF-8"?>
<!DOCTYPE hibernate-configuration PUBLIC
		"-//Hibernate/Hibernate Configuration DTD 3.0//EN"
		"http://hibernate.sourceforge.net/hibernate-configuration-3.0.dtd">
<hibernate-configuration>
	<session-factory>

		<property name="hibernate.connection.driver_class">
			oracle.jdbc.driver.OracleDriver
		</property>

		<property name="hibernate.connection.password">java1629</property>

		<property name="hibernate.connection.url">
			jdbc:oracle:thin:@10.113.17.58:1521:appsdb01
		</property>

		<property name="hibernate.connection.username">java1629</property>

		<property name="hibernate.dialect">
			org.hibernate.dialect.OracleDialect</property>

		<property name="connection.pool.size">1</property>
		<property name="show_sql">true</property>

		<property name="hbm2ddl.auto">
			create
		</property>

		<mapping class="org.com.model.Customer" />
		<mapping class="org.com.model.CreditCard" />

	</session-factory>
</hibernate-configuration>
