<?xml version="1.0" encoding="UTF-8"?>
<beans xmlns="http://www.springframework.org/schema/beans"
	xmlns:xsi="http://www.w3.org/2001/XMLSchema-instance" xmlns:p="http://www.springframework.org/schema/p"
	xsi:schemaLocation="http://www.springframework.org/schema/beans http://www.springframework.org/schema/beans/spring-beans.xsd">

	<bean id="person" class="org.com.bean.Person" 
	autowire="byName">
		<property name="id" value="676776" />
		<property name="name" value="shibin john" />
		<!-- <property name="birthday" ref="birth" /> -->
	</bean>

	<bean id="birthday" class="org.com.bean.Birthday">
		<property name="day" value="19" />
		<property name="month" value="July" />
		<property name="year" value="1996" />
	</bean>
	
	<bean id="birthday1" class="org.com.bean.Birthday">
		<property name="day" value="19" />
		<property name="month" value="July" />
		<property name="year" value="1996" />
	</bean>
	
	<bean id="person1" class="org.com.bean.Person">
		<property name="id" value="676776" />
		<property name="name" value="shibin john" />		
		<property name="birthday">
		
			<bean  class="org.com.bean.Birthday">
				<property name="day" value="19" />
				<property name="month" value="July" />
				<property name="year" value="1996" />
			</bean>
			
		</property>
	</bean>





</beans>
	