<?xml version="1.0"?>
<!DOCTYPE hibernate-mapping PUBLIC
	"-//Hibernate/Hibernate Mapping DTD 3.0//EN"
	"http://hibernate.sourceforge.net/hibernate-mapping-3.0.dtd">
<hibernate-mapping>
	<class name="one_to_one_primary_key.Customer">
		<id type="int" name="id">
			<generator class="foreign">
				<param name="property">home</param>
			</generator>
		</id>
		<property name="name" type="string"></property>

		<one-to-one name="home" constrained="true" />

	</class>

	<class name="one_to_one_primary_key.Home">
		<id type="int" name="id">
			<generator class="native"></generator>
		</id>
		<property name="name" type="string"></property>
	</class>





</hibernate-mapping>