<?xml version="1.0" encoding="UTF-8"?>
<!DOCTYPE hibernate-configuration PUBLIC
"-//Hibernate/Hibernate Configuration DTD 3.0//EN"
"http://hibernate.sourceforge.net/hibernate-configuration-3.0.dtd">
<hibernate-configuration>
	<session-factory>
		<property name="hibernate.connection.driver_class">com.mysql.jdbc.Driver</property>
		<property name="hibernate.connection.url">jdbc:mysql://localhost/cts</property>
		<property name="hibernate.connection.username">root</property>
		<property name="hibernate.connection.password">mysql</property>
		<property name="hbm2ddl.auto">update</property>

		<property name="hibernate.cache.use_query_cache">true</property>
		<property name="hibernate.cache.use_second_level_cache">true</property>
		<property name="hibernate.cache.provider_class">org.hibernate.cache.EhCacheProvider</property>

		<property name="hibernate.dialect">org.hibernate.dialect.MySQLDialect</property>
		<property name="hibernate.show_sql">true</property>
		<!-- <mapping class="org.com.model.Employee" /> -->
		<mapping resource="employee.hbm.xml" />
	</session-factory>
</hibernate-configuration>

