<?xml version="1.0" encoding="UTF-8"?>
<!DOCTYPE hibernate-configuration PUBLIC
		"-//Hibernate/Hibernate Configuration DTD 3.0//EN"
		"http://hibernate.sourceforge.net/hibernate-configuration-3.0.dtd">
<hibernate-configuration>
	<session-factory>
		<property name="hibernate.connection.driver_class">oracle.jdbc.OracleDriver</property>
		<property name="hibernate.connection.password">manager</property>
		<property name="hibernate.connection.url">jdbc:oracle:thin:@localhost:1521:xe</property>
		<property name="hibernate.connection.username">system</property>
		<property name="hibernate.dialect">org.hibernate.dialect.OracleDialect</property>
		<property name="hibernate.show_sql">true</property>
		<property name="hibernate.use_sql_comments">true</property>

	 <property name="hbm2ddl.auto">create</property>
<!-- 
		<mapping resource="Student.hbm.xml" />
		<mapping resource="Customer.hbm.xml" />

		<mapping resource="Person.hbm.xml" />
		-->
		<mapping resource="onetooneforeignkey/Person.hbm.xml"/>
		<mapping resource="onetooneforeignkey/Address.hbm.xml"/>
		
		
			<mapping resource="onetooneprimarykey/Exam.hbm.xml"/>
		<mapping resource="onetooneprimarykey/Student.hbm.xml"/>
	</session-factory>
</hibernate-configuration>
