<?xml version="1.0" encoding="UTF-8"?>
<!DOCTYPE hibernate-configuration PUBLIC
		"-//Hibernate/Hibernate Configuration DTD 3.0//EN"
		"http://hibernate.sourceforge.net/hibernate-configuration-3.0.dtd">
<hibernate-configuration>
	<session-factory>
		<property name="hibernate.dialect">org.hibernate.dialect.OracleDialect</property>
		<property name="hibernate.connection.datasource">java:/XAOracleDS</property>

		<!-- Declarative Transaction Management -->
		<property name="current_session_context_class">jta</property>
		<property name="transaction.factory_class">org.hibernate.transaction.CMTTransactionFactory</property>
		<property name="transaction.manager_lookup_class">org.hibernate.transaction.JBossTransactionManagerLookup</property>
		<property name="connection.pool.size">1</property>
		<property name="show_sql">true</property>

		<mapping resource="hibernate.hbm.xml" />
	</session-factory>
</hibernate-configuration>
