<?xml version="1.0"?>
<!DOCTYPE hibernate-mapping PUBLIC
	"-//Hibernate/Hibernate Mapping DTD 3.0//EN"
	"http://hibernate.sourceforge.net/hibernate-mapping-3.0.dtd">
<hibernate-mapping>
	<class name="one_to_many_set.Consumer">
		<id name="id" type="integer">
			<generator class="native"></generator>
		</id>
		<property name="name" type="string" />

		<set name="cset">
			<key column="id"></key>
			<one-to-many class="one_to_many_set.Complain" />
		</set>

	</class>

	<class name="one_to_many_set.Complain">

		<id name="cid" type="integer">
			<generator class="native"></generator>
		</id>
		<property name="cname" type="string" />
	</class>

</hibernate-mapping>