<?xml version="1.0"?>
<!DOCTYPE hibernate-mapping PUBLIC
	"-//Hibernate/Hibernate Mapping DTD 3.0//EN"
	"http://hibernate.sourceforge.net/hibernate-mapping-3.0.dtd">
<hibernate-mapping>
	<class name="one_to_many_array.Book">
		<id name="id" type="integer">
			<generator class="native"></generator>
		</id>
		<property name="name" type="string" />

		<array name="story">
			<key column="story_id"></key>
			<index column="idx"></index>
			<one-to-many class="one_to_many_array.Story" />
		</array>

	</class>

	<class name="one_to_many_array.Story">

		<id name="id" type="integer">
			<generator class="native"></generator>
		</id>
		<property name="name" type="string" />
	</class>

</hibernate-mapping>