<?xml version="1.0" encoding="UTF-8"?>
<!DOCTYPE hibernate-configuration PUBLIC
		"-//Hibernate/Hibernate Configuration DTD 3.0//EN"
		"http://hibernate.sourceforge.net/hibernate-configuration-3.0.dtd">
<hibernate-configuration>
	<session-factory>
		<property name="hibernate.connection.driver_class">com.mysql.jdbc.Driver</property>
		<property name="hibernate.connection.url">jdbc:mysql://localhost/tarun</property>
		<property name="hibernate.connection.username">root</property>
		<property name="hibernate.dialect">org.hibernate.dialect.MySQLDialect</property>
		<property name="hbm2ddl.auto">update</property>
		<property name="show_sql">true</property>
		<mapping resource="many_to_one/many_to_one.hbm.xml" />
		<mapping resource="one_to_one/one_to_one.hbm.xml" />
		<mapping resource="one_to_one_primary_key/one_to_one.hbm.xml" />
		<mapping resource="one_to_many_set/one_to_many.hbm.xml" />
		<mapping resource="one_to_many_array/one_to_many.hbm.xml" />
	</session-factory>
</hibernate-configuration>
