<?xml version="1.0"?>
<!DOCTYPE hibernate-mapping PUBLIC
        "-//Hibernate/Hibernate Mapping DTD 3.0//EN"
        "http://hibernate.sourceforge.net/hibernate-mapping-3.0.dtd">

<hibernate-mapping>
	<class name="Parent">
		<id name="id" column="parent_id">
			<generator class="increment" />
		</id>

		<property name="pname" />
		<property name="page" />
		<set name="children">
			<key column="parent_id" />
			<one-to-many class="Child" />
		</set>
	</class>

	<class name="Child">
		<id name="id" column="child_id">
			<generator class="increment" />
		</id>

		<property name="cname" />
		<property name="cage" />
		<many-to-one name="parent" class="Parent"
			column="parent_id" not-null="true" />
	</class>
</hibernate-mapping>





